WORD,,MK,AK,MM,KB,average
chts,x,0,0,0,0,0
chts,x,0,0,0,0,0
chżc,x,0,0,0,0,0
cź,x,0,0,0,0,0
cź,x,0,0,0,0,0
cź,x,0,0,0,0,0
fś,x,0,0,0,0,0
fś,x,0,0,0,0,0
fś,x,0,0,0,0,0
ftś,x,0,0,0,0,0
fts,x,0,0,0,0,0
ftś,x,0,0,0,0,0
fts,x,0,0,0,0,0
ftś,x,0,0,0,0,0
ftsz,x,0,0,0,0,0
ftsz,x,0,0,0,0,0
gjj,x,0,0,0,0,0
gjj,x,0,0,0,0,0
gjj,x,0,0,0,0,0
ktś,x,0,0,0,0,0
ktś,x,0,0,0,0,0
ktś,x,0,0,0,0,0
płc,,0,0,0,0,0
śc,(only before <i>),0,0,0,0,0
stś,x,0,0,0,0,0
sts,x,0,0,0,0,0
stś,x,0,0,0,0,0
stś,x,0,0,0,0,0
tj,x,0,0,0,0,0
tsf,x,0,0,0,0,0
tsm,x,0,0,0,0,0
tsn,x,0,0,0,0,0
tżc,x,0,0,0,0,0
tżc,x,0,0,0,0,0
bź,(only in <bździ>),0,1,0,0,0.25
cch,x,1,0,0,0,0.25
cch,x,1,0,0,0,0.25
cch,x,1,0,0,0,0.25
chf,x,1,0,0,0,0.25
chts,x,0,1,0,0,0.25
chżc,x,1,0,0,0,0.25
chżcz,x,1,0,0,0,0.25
chżt,x,1,0,0,0,0.25
chżt,x,1,0,0,0,0.25
fch,x,1,0,0,0,0.25
fk,x,1,0,0,0,0.25
fp,x,1,0,0,0,0.25
fp,x,1,0,0,0,0.25
fp,x,1,0,0,0,0.25
fs,x,1,0,0,0,0.25
fs,x,1,0,0,0,0.25
fts,x,0,0,1,0,0.25
ftsz,x,1,0,0,0,0.25
gdź,x,0,1,0,0,0.25
jm,x,1,0,0,0,0.25
jm,x,1,0,0,0,0.25
kf,x,1,0,0,0,0.25
kjj,x,0,1,0,0,0.25
kjj,x,0,1,0,0,0.25
kjj,x,0,1,0,0,0.25
kś,x,0,0,0,1,0.25
kś,x,0,1,0,0,0.25
lj,x,1,0,0,0,0.25
łź,x,0,1,0,0,0.25
pś,x,1,0,0,0,0.25
pś,x,0,1,0,0,0.25
rj,x,1,0,0,0,0.25
rj,x,1,0,0,0,0.25
rj,x,1,0,0,0,0.25
śf,x,1,0,0,0,0.25
śf,x,1,0,0,0,0.25
sś,x,1,0,0,0,0.25
sś,x,1,0,0,0,0.25
ssz,x,0,1,0,0,0.25
sts,x,1,0,0,0,0.25
stż,x,1,0,0,0,0.25
szpż,x,1,0,0,0,0.25
szpż,x,1,0,0,0,0.25
tf,,1,0,0,0,0.25
tj,x,1,0,0,0,0.25
tsf,x,0,0,0,1,0.25
tsf,x,0,0,1,0,0.25
tsn,x,0,1,0,0,0.25
tszt,x,0,1,0,0,0.25
tszt,x,1,0,0,0,0.25
tszt,x,1,0,0,0,0.25
tżc,x,1,0,0,0,0.25
tżm,x,1,0,0,0,0.25
wdź,x,0,1,0,0,0.25
wś,(only in <wści>),0,1,0,0,0.25
wś,x,0,0,1,0,0.25
wstż,x,0,1,0,0,0.25
ww,,0,0,1,0,0.25
ww,,0,0,1,0,0.25
wź,x,0,1,0,0,0.25
wź,x,0,1,0,0,0.25
ź,x,0,1,0,0,0.25
zdź,(only in <zdźwi>),0,1,0,0,0.25
bj,x,1,1,0,0,0.5
bj,x,1,1,0,0,0.5
bź,(only in <bździ>),0,1,1,0,0.5
bź,,0,1,1,0,0.5
bż,x,1,1,0,0,0.5
chf,x,1,1,0,0,0.5
chf,x,1,1,0,0,0.5
chj,x,1,1,0,0,0.5
chj,x,1,1,0,0,0.5
chsz,x,1,1,0,0,0.5
chż,x,1,1,0,0,0.5
chż,x,1,1,0,0,0.5
chżc,x,1,1,0,0,0.5
chżcz,x,1,1,0,0,0.5
chżcz,x,1,1,0,0,0.5
chżt,x,1,1,0,0,0.5
czc,,0,1,1,0,0.5
dj,x,1,1,0,0,0.5
dj,x,1,1,0,0,0.5
dź,(only in clusters),0,1,0,1,0.5
dź,,0,1,0,1,0.5
fch,x,1,1,0,0,0.5
fj,x,1,0,1,0,0.5
fj,x,1,1,0,0,0.5
fsz,x,1,1,0,0,0.5
fsz,x,1,1,0,0,0.5
ft,,1,1,0,0,0.5
ft,,1,0,0,1,0.5
gdź,x,0,1,0,1,0.5
gź,x,0,1,1,0,0.5
gź,x,0,1,1,0,0.5
gż,,1,0,1,0,0.5
gżb,x,1,1,0,0,0.5
gżb,x,1,1,0,0,0.5
gżb,x,1,1,0,0,0.5
gżm,x,1,1,0,0,0.5
gżm,x,1,1,0,0,0.5
gź,x,0,1,1,0,0.5
gż,x,1,1,0,0,0.5
jm,x,1,1,0,0,0.5
kc,(only before i),1,0,0,1,0.5
kf,x,1,0,1,0,0.5
krt,,1,0,1,0,0.5
krt,,1,0,1,0,0.5
kś,x,0,1,1,0,0.5
kż,x,1,1,0,0,0.5
kż,x,1,1,0,0,0.5
kż,x,1,1,0,0,0.5
lj,x,1,1,0,0,0.5
lj,x,1,1,0,0,0.5
łź,x,0,1,1,0,0.5
łź,x,1,1,0,0,0.5
mj,(only one - Myanmar),1,1,0,0,0.5
mj,,1,1,0,0,0.5
pj,(only one - Pyeongyang),1,1,0,0,0.5
pj,,1,1,0,0,0.5
płc,(only before <i>),0,1,1,0,0.5
pś,x,0,1,1,0,0.5
pż,x,1,1,0,0,0.5
pż,x,1,1,0,0,0.5
śc,(only before <i>),1,1,0,0,0.5
śc,,1,1,0,0,0.5
schr,,0,0,1,1,0.5
śf,x,1,1,0,0,0.5
skż,x,1,1,0,0,0.5
skż,x,1,1,0,0,0.5
skż,x,1,1,0,0,0.5
spż,x,1,1,0,0,0.5
spż,x,1,1,0,0,0.5
spż,x,1,1,0,0,0.5
sts,x,1,0,1,0,0.5
stsz,x,1,1,0,0,0.5
stż,x,1,1,0,0,0.5
szf,x,1,0,1,0,0.5
szpż,x,1,1,0,0,0.5
tf,,1,0,1,0,0.5
tm,x,1,1,0,0,0.5
tsm,x,0,1,1,0,0.5
tśm,x,1,1,0,0,0.5
tsm,x,1,1,0,0,0.5
tśm,x,1,1,0,0,0.5
tśm,x,1,1,0,0,0.5
tsn,x,1,1,0,0,0.5
tszk,x,1,1,0,0,0.5
tsz,x,1,1,0,0,0.5
tż,x,1,1,0,0,0.5
tż,x,1,1,0,0,0.5
tżm,x,1,1,0,0,0.5
tżm,x,1,1,0,0,0.5
tż,x,1,1,0,0,0.5
wdź,x,0,1,0,1,0.5
wj,,1,1,0,0,0.5
wś,(only in clusters),0,1,1,0,0.5
wstż,x,1,1,0,0,0.5
wstż,x,1,1,0,0,0.5
ww,,1,0,1,0,0.5
wź,x,0,1,1,0,0.5
wż,,1,1,0,0,0.5
zgż,x,1,1,0,0,0.5
ź,(only in clusters),0,1,1,0,0.5
zz,,1,0,1,0,0.5
bj,x,1,1,1,0,0.75
bż,x,1,1,1,0,0.75
bż,x,1,1,1,0,0.75
chj,x,1,1,1,0,0.75
chsz,x,1,1,0,1,0.75
chsz,x,1,1,0,1,0.75
chż,x,1,1,1,0,0.75
cl,(only in English loan words),1,1,0,1,0.75
czc,(only after <i>),1,1,1,0,0.75
czc,,0,1,1,1,0.75
czcz,,0,1,1,1,0.75
czcz,,0,1,1,1,0.75
dj,x,1,1,1,0,0.75
drg,,1,0,1,1,0.75
drż,,1,0,1,1,0.75
dż,,1,1,1,0,0.75
dż,,1,1,1,0,0.75
dżdż,,0,1,1,1,0.75
dź,,0,1,1,1,0.75
dzw,,1,0,1,1,0.75
f,,1,0,1,1,0.75
fch,x,1,1,1,0,0.75
fj,x,1,1,0,1,0.75
fk,x,1,1,0,1,0.75
fk,x,1,1,1,0,0.75
fs,x,1,1,1,0,0.75
fsz,z,1,1,1,0,0.75
ft,,1,1,1,0,0.75
gdź,x,0,1,1,1,0.75
gżm,x,1,1,1,0,0.75
kc,(only before <i>),1,0,1,1,0.75
kf,x,1,1,1,0,0.75
lgn,,1,1,1,0,0.75
ln,,1,0,1,1,0.75
lż,,1,1,1,0,0.75
mj,(Myanmar),1,1,1,0,0.75
mkni,,1,0,1,1,0.75
ml,,1,0,1,1,0.75
pchl,,1,1,1,0,0.75
pchł,,1,0,1,1,0.75
pj,(Pyeongyang),1,1,1,0,0.75
pl,,1,1,0,1,0.75
płc,(only before <i>),1,1,1,0,0.75
psz,(only in cluster - <cz>),1,1,1,0,0.75
psz,,1,1,1,0,0.75
pż,x,1,1,1,0,0.75
rż,,1,1,1,0,0.75
schni,,1,0,1,1,0.75
schr,,1,1,1,0,0.75
schr,,1,0,1,1,0.75
sc,,1,1,0,1,0.75
sf,,1,1,1,0,0.75
sf,,1,1,1,0,0.75
sf,,1,1,1,0,0.75
skł,,1,0,1,1,0.75
sl,,0,1,1,1,0.75
śp,,1,1,0,1,0.75
sr,,1,0,1,1,0.75
sś,x,0,1,1,1,0.75
ssz,x,1,1,0,1,0.75
stsz,x,1,1,0,1,0.75
stsz,x,1,1,0,1,0.75
stż,x,1,1,1,0,0.75
szc,x,1,1,0,1,0.75
szc,x,1,1,0,1,0.75
szf,x,1,1,1,0,0.75
szf,x,1,1,0,1,0.75
szkł,,1,0,1,1,0.75
szkw,,1,0,1,1,0.75
tf,,1,1,1,0,0.75
tj,x,1,1,1,0,0.75
tł,,1,0,1,1,0.75
tm,x,1,0,1,1,0.75
tp,x,1,1,1,0,0.75
tp,x,1,1,0,1,0.75
tr,,1,0,1,1,0.75
tsz,x,1,1,1,0,0.75
tszk,x,1,1,1,0,0.75
wdź,x,1,1,0,1,0.75
wj,,1,1,1,0,0.75
wj,,1,1,1,0,0.75
wkr,,1,0,1,1,0.75
wstr,,0,1,1,1,0.75
wż,,1,1,1,0,0.75
wż,,1,1,1,0,0.75
ź,(only in clusters),0,1,1,1,0.75
zdj,,1,1,1,0,0.75
zdj,,1,1,1,0,0.75
zdź,(only in clusters),0,1,1,1,0.75
zdź,,0,1,1,1,0.75
źdźbl,x,1,0,1,1,0.75
źdźbł,,1,0,1,1,0.75
zgj,x,1,1,1,0,0.75
zgj,,1,1,1,0,0.75
zgj,,1,1,1,0,0.75
zgż,x,1,1,1,0,0.75
zgż,,1,1,1,0,0.75
zj,,1,1,1,0,0.75
żł,,1,1,0,1,0.75
żm,,1,1,1,0,0.75
zmr,,1,0,1,1,0.75
zr,,1,1,1,0,0.75
zz,,0,1,1,1,0.75
zż,,0,1,1,1,0.75
b,,1,1,1,1,1
b,,1,1,1,1,1
bl,,1,1,1,1,1
bł,,1,1,1,1,1
bl,,1,1,1,1,1
bł,,1,1,1,1,1
bl,,1,1,1,1,1
bł,,1,1,1,1,1
b,,1,1,1,1,1
br,,1,1,1,1,1
br,,1,1,1,1,1
br,,1,1,1,1,1
brw,,1,1,1,1,1
brw,,1,1,1,1,1
brw,,1,1,1,1,1
bz,(only in cluster),1,1,1,1,1
bz,,1,1,1,1,1
bz,,1,1,1,1,1
c,,1,1,1,1,1
c,,1,1,1,1,1
ch,,1,1,1,1,1
ch,,1,1,1,1,1
chc,,1,1,1,1,1
chc,,1,1,1,1,1
chc,,1,1,1,1,1
chl,,1,1,1,1,1
chł,,1,1,1,1,1
chl,,1,1,1,1,1
chł,,1,1,1,1,1
chl,,1,1,1,1,1
chł,,1,1,1,1,1
chm,,1,1,1,1,1
chm,,1,1,1,1,1
chm,,1,1,1,1,1
ch,,1,1,1,1,1
chr,,1,1,1,1,1
chr,,1,1,1,1,1
chr,,1,1,1,1,1
chw,,1,1,1,1,1
chw,,1,1,1,1,1
chw,,1,1,1,1,1
cl,,1,1,1,1,1
cł,,1,1,1,1,1
cł,,1,1,1,1,1
cl,,1,1,1,1,1
cł,,1,1,1,1,1
cm,,1,1,1,1,1
cm,,1,1,1,1,1
cm,,1,1,1,1,1
cn,,1,1,1,1,1
cn,,1,1,1,1,1
cn,,1,1,1,1,1
c,,1,1,1,1,1
cw,,1,1,1,1,1
cw,,1,1,1,1,1
cw,,1,1,1,1,1
cz,,1,1,1,1,1
cz,,1,1,1,1,1
cz,,1,1,1,1,1
cz,,1,1,1,1,1
czcz,,1,1,1,1,1
czk,,1,1,1,1,1
czk,,1,1,1,1,1
czk,,1,1,1,1,1
czł,,1,1,1,1,1
czł,,1,1,1,1,1
czł,,1,1,1,1,1
cz,,1,1,1,1,1
cz,,1,1,1,1,1
czw,,1,1,1,1,1
czw,,1,1,1,1,1
czw,,1,1,1,1,1
d,,1,1,1,1,1
d,,1,1,1,1,1
db,,1,1,1,1,1
db,,1,1,1,1,1
db,,1,1,1,1,1
dl,,1,1,1,1,1
dł,,1,1,1,1,1
dl,,1,1,1,1,1
dł,,1,1,1,1,1
dl,,1,1,1,1,1
dł,,1,1,1,1,1
dm,,1,1,1,1,1
dm,,1,1,1,1,1
dm,,1,1,1,1,1
dn,,1,1,1,1,1
dn,,1,1,1,1,1
dni,,1,1,1,1,1
dni,,1,1,1,1,1
dni,,1,1,1,1,1
dn,,1,1,1,1,1
d,,1,1,1,1,1
dr,,1,1,1,1,1
dr,,1,1,1,1,1
drg,,1,1,1,1,1
drg,,1,1,1,1,1
dr,,1,1,1,1,1
drw,,1,1,1,1,1
drw,,1,1,1,1,1
drw,,1,1,1,1,1
drż,,1,1,1,1,1
drż,,1,1,1,1,1
dw,,1,1,1,1,1
dw,,1,1,1,1,1
dw,,1,1,1,1,1
dż,,1,1,1,1,1
dż,,1,1,1,1,1
dzb,,1,1,1,1,1
dzb,,1,1,1,1,1
dzb,,1,1,1,1,1
dżdż,,1,1,1,1,1
dżdż,,1,1,1,1,1
dż,,1,1,1,1,1
dż,,1,1,1,1,1
dzw,,1,1,1,1,1
dźw,,1,1,1,1,1
dzw,,1,1,1,1,1
dźw,,1,1,1,1,1
dźw,,1,1,1,1,1
f,,1,1,1,1,1
fl,,1,1,1,1,1
fl,,1,1,1,1,1
fl,,1,1,1,1,1
f,,1,1,1,1,1
fr,,1,1,1,1,1
fr,,1,1,1,1,1
fr,,1,1,1,1,1
g,,1,1,1,1,1
g,,1,1,1,1,1
gd,,1,1,1,1,1
gd,,1,1,1,1,1
gd,,1,1,1,1,1
gi,,1,1,1,1,1
gi,,1,1,1,1,1
gi,,1,1,1,1,1
gl,,1,1,1,1,1
gł,,1,1,1,1,1
gl,,1,1,1,1,1
gł,,1,1,1,1,1
gl,,1,1,1,1,1
gł,,1,1,1,1,1
gm,,1,1,1,1,1
gm,,1,1,1,1,1
gm,,1,1,1,1,1
gn,,1,1,1,1,1
gn,,1,1,1,1,1
gni,,1,1,1,1,1
gni,,1,1,1,1,1
gni,,1,1,1,1,1
gn,,1,1,1,1,1
g,,1,1,1,1,1
gr,,1,1,1,1,1
gr,,1,1,1,1,1
gr,,1,1,1,1,1
gw,,1,1,1,1,1
gw,,1,1,1,1,1
gw,,1,1,1,1,1
gz,,1,1,1,1,1
gż,,1,1,1,1,1
gz,,1,1,1,1,1
gz,,1,1,1,1,1
j,,1,1,1,1,1
j,,1,1,1,1,1
j,,1,1,1,1,1
k,,1,1,1,1,1
k,,1,1,1,1,1
kc,(only before <i>),1,1,1,1,1
kl,,1,1,1,1,1
kł,,1,1,1,1,1
kl,,1,1,1,1,1
kł,,1,1,1,1,1
kl,,1,1,1,1,1
kł,,1,1,1,1,1
km,(only before <i>),1,1,1,1,1
km,,1,1,1,1,1
km,,1,1,1,1,1
kn,,1,1,1,1,1
kn,,1,1,1,1,1
kni,,1,1,1,1,1
kni,,1,1,1,1,1
kni,,1,1,1,1,1
kn,,1,1,1,1,1
k,,1,1,1,1,1
kr,,1,1,1,1,1
kr,,1,1,1,1,1
kr,,1,1,1,1,1
krt,,1,1,1,1,1
krw,,1,1,1,1,1
krw,,1,1,1,1,1
krw,,1,1,1,1,1
ks,,1,1,1,1,1
ks,,1,1,1,1,1
ks,,1,1,1,1,1
ksz,(only in cluster),1,1,1,1,1
ksz,,1,1,1,1,1
ksz,,1,1,1,1,1
kszt,,1,1,1,1,1
kszt,,1,1,1,1,1
kszt,,1,1,1,1,1
kt,,1,1,1,1,1
kt,,1,1,1,1,1
kt,,1,1,1,1,1
kw,,1,1,1,1,1
kw,,1,1,1,1,1
kw,,1,1,1,1,1
l,,1,1,1,1,1
ł,,1,1,1,1,1
l,,1,1,1,1,1
ł,,1,1,1,1,1
łb,x,1,1,1,1,1
łb,x,1,1,1,1,1
łb,x,1,1,1,1,1
łg,,1,1,1,1,1
łg,,1,1,1,1,1
lgn,,1,1,1,1,1
lgn,,1,1,1,1,1
lgni,,1,1,1,1,1
lgni,,1,1,1,1,1
lgni,,1,1,1,1,1
łg,,1,1,1,1,1
ln,(only before <i>),1,1,1,1,1
ln,,1,1,1,1,1
lni,,1,1,1,1,1
lni,,1,1,1,1,1
lni,,1,1,1,1,1
l,,1,1,1,1,1
ł,,1,1,1,1,1
lśni,,1,1,1,1,1
lśni,,1,1,1,1,1
lśni,,1,1,1,1,1
lw,,1,1,1,1,1
lw,,1,1,1,1,1
lw,,1,1,1,1,1
lż,,1,1,1,1,1
łz,,1,1,1,1,1
łż,x,1,1,1,1,1
lż,,1,1,1,1,1
łz,,1,1,1,1,1
łż,x,1,1,1,1,1
łz,,1,1,1,1,1
łż,x,1,1,1,1,1
m,,1,1,1,1,1
mch,,1,1,1,1,1
mch,,1,1,1,1,1
mch,,1,1,1,1,1
mgi,,1,1,1,1,1
mgi,,1,1,1,1,1
mgi,,1,1,1,1,1
mgl,,1,1,1,1,1
mgł,,1,1,1,1,1
mgl,,1,1,1,1,1
mgł,,1,1,1,1,1
mgl,,1,1,1,1,1
mgł,,1,1,1,1,1
mkn,,1,1,1,1,1
mkn,,1,1,1,1,1
mkni,,1,1,1,1,1
mkni,,1,1,1,1,1
mkn,,1,1,1,1,1
ml,,1,1,1,1,1
mł,,1,1,1,1,1
mł,,1,1,1,1,1
ml,,1,1,1,1,1
mł,,1,1,1,1,1
mn,,1,1,1,1,1
mn,,1,1,1,1,1
mni,,1,1,1,1,1
mni,,1,1,1,1,1
mni,,1,1,1,1,1
mn,,1,1,1,1,1
m,,1,1,1,1,1
mr,,1,1,1,1,1
mr,,1,1,1,1,1
mr,,1,1,1,1,1
msz,,1,1,1,1,1
msz,,1,1,1,1,1
msz,,1,1,1,1,1
mż,,1,1,1,1,1
mż,,1,1,1,1,1
mż,,1,1,1,1,1
n,,1,1,1,1,1
n,,1,1,1,1,1
ni,,1,1,1,1,1
ni,,1,1,1,1,1
ni,,1,1,1,1,1
n,,1,1,1,1,1
p,,1,1,1,1,1
p,,1,1,1,1,1
pch,,1,1,1,1,1
pch,,1,1,1,1,1
pchl,,1,1,1,1,1
pchł,,1,1,1,1,1
pchl,,1,1,1,1,1
pchł,,1,1,1,1,1
pch,,1,1,1,1,1
pl,,1,1,1,1,1
pł,,1,1,1,1,1
pł,,1,1,1,1,1
pl,,1,1,1,1,1
pł,,1,1,1,1,1
pn,,1,1,1,1,1
pn,,1,1,1,1,1
pni,,1,1,1,1,1
pni,,1,1,1,1,1
pni,,1,1,1,1,1
pn,,1,1,1,1,1
p,,1,1,1,1,1
pr,,1,1,1,1,1
pr,,1,1,1,1,1
pr,,1,1,1,1,1
ps,(<psalm> and <pseudo->),1,1,1,1,1
ps,,1,1,1,1,1
ps,,1,1,1,1,1
pstr,,1,1,1,1,1
pstr,,1,1,1,1,1
pstr,,1,1,1,1,1
psz,(only in cluster),1,1,1,1,1
pszcz,,1,1,1,1,1
pszcz,,1,1,1,1,1
pszcz,,1,1,1,1,1
pt,,1,1,1,1,1
pt,,1,1,1,1,1
pt,,1,1,1,1,1
r,,1,1,1,1,1
r,,1,1,1,1,1
rdz,,1,1,1,1,1
rdz,,1,1,1,1,1
rdz,,1,1,1,1,1
r,,1,1,1,1,1
rt,,1,1,1,1,1
rt,,1,1,1,1,1
rw,,1,1,1,1,1
rw,,1,1,1,1,1
rw,,1,1,1,1,1
rż,,1,1,1,1,1
s,,1,1,1,1,1
s,,1,1,1,1,1
sc,,1,1,1,1,1
sc,,1,1,1,1,1
sch,,1,1,1,1,1
sch,,1,1,1,1,1
schl,,1,1,1,1,1
schl,,1,1,1,1,1
schl,,1,1,1,1,1
schn,,1,1,1,1,1
schn,,1,1,1,1,1
schni,,1,1,1,1,1
schni,,1,1,1,1,1
schn,,1,1,1,1,1
sch,,1,1,1,1,1
si,,1,1,1,1,1
si,,1,1,1,1,1
si,,1,1,1,1,1
sk,,1,1,1,1,1
sk,,1,1,1,1,1
skl,,1,1,1,1,1
skł,,1,1,1,1,1
skl,,1,1,1,1,1
skl,,1,1,1,1,1
skł,,1,1,1,1,1
sk,,1,1,1,1,1
skr,,1,1,1,1,1
skr,,1,1,1,1,1
skr,,1,1,1,1,1
sł,,1,1,1,1,1
śl,,1,1,1,1,1
sl,,1,1,1,1,1
sł,,1,1,1,1,1
śl,,1,1,1,1,1
sl,,1,1,1,1,1
sł,,1,1,1,1,1
śl,,1,1,1,1,1
sm,,1,1,1,1,1
śm,,1,1,1,1,1
sm,,1,1,1,1,1
śm,,1,1,1,1,1
sm,,1,1,1,1,1
śm,,1,1,1,1,1
smr,,1,1,1,1,1
smr,,1,1,1,1,1
smr,,1,1,1,1,1
sn,,1,1,1,1,1
sn,,1,1,1,1,1
śni,,1,1,1,1,1
śni,,1,1,1,1,1
śni,,1,1,1,1,1
sn,,1,1,1,1,1
s,,1,1,1,1,1
sp,,1,1,1,1,1
śp,(only before <i>),1,1,1,1,1
sp,,1,1,1,1,1
spl,,1,1,1,1,1
spl,,1,1,1,1,1
spl,,1,1,1,1,1
sp,,1,1,1,1,1
śp,,1,1,1,1,1
spr,,1,1,1,1,1
spr,,1,1,1,1,1
spr,,1,1,1,1,1
śr,,1,1,1,1,1
sr,,1,1,1,1,1
śr,,1,1,1,1,1
sr,,1,1,1,1,1
śr,,1,1,1,1,1
ss,,1,1,1,1,1
ss,,1,1,1,1,1
ss,,1,1,1,1,1
ssz,x,1,1,1,1,1
st,,1,1,1,1,1
st,,1,1,1,1,1
stł,,1,1,1,1,1
stł,,1,1,1,1,1
stł,,1,1,1,1,1
st,,1,1,1,1,1
str,,1,1,1,1,1
str,,1,1,1,1,1
str,,1,1,1,1,1
stw,,1,1,1,1,1
stw,,1,1,1,1,1
stw,,1,1,1,1,1
sw,,1,1,1,1,1
św,,1,1,1,1,1
sw,,1,1,1,1,1
św,,1,1,1,1,1
sw,,1,1,1,1,1
św,,1,1,1,1,1
sz,,1,1,1,1,1
sz,,1,1,1,1,1
szc,(only uin <szsz>),1,1,1,1,1
szcz,,1,1,1,1,1
szcz,,1,1,1,1,1
szcz,,1,1,1,1,1
szczw,,1,1,1,1,1
szczw,,1,1,1,1,1
szczw,,1,1,1,1,1
szk,,1,1,1,1,1
szk,,1,1,1,1,1
szkl,,1,1,1,1,1
szkł,,1,1,1,1,1
szkl,,1,1,1,1,1
szkl,,1,1,1,1,1
szkł,,1,1,1,1,1
szk,,1,1,1,1,1
szkw,,1,1,1,1,1
szkw,,1,1,1,1,1
szl,,1,1,1,1,1
szł,,1,1,1,1,1
szl,,1,1,1,1,1
szł,,1,1,1,1,1
szl,,1,1,1,1,1
szł,,1,1,1,1,1
szm,,1,1,1,1,1
szm,,1,1,1,1,1
szm,,1,1,1,1,1
szn,,1,1,1,1,1
szn,,1,1,1,1,1
szn,,1,1,1,1,1
sz,,1,1,1,1,1
szp,,1,1,1,1,1
szp,,1,1,1,1,1
szp,,1,1,1,1,1
szpr,,1,1,1,1,1
szpr,,1,1,1,1,1
szpr,,1,1,1,1,1
szr,,1,1,1,1,1
szr,,1,1,1,1,1
szr,,1,1,1,1,1
szt,,1,1,1,1,1
szt,,1,1,1,1,1
szt,,1,1,1,1,1
szw,,1,1,1,1,1
szw,,1,1,1,1,1
szw,,1,1,1,1,1
t,,1,1,1,1,1
t,,1,1,1,1,1
tch,,1,1,1,1,1
tch,,1,1,1,1,1
tch,,1,1,1,1,1
tk,,1,1,1,1,1
tk,,1,1,1,1,1
tk,,1,1,1,1,1
tl,,1,1,1,1,1
tł,,1,1,1,1,1
tl,,1,1,1,1,1
tł,,1,1,1,1,1
tl,,1,1,1,1,1
tm,x,1,1,1,1,1
tn,x,1,1,1,1,1
tn,x,1,1,1,1,1
tni,x,1,1,1,1,1
tni,x,1,1,1,1,1
tni,x,1,1,1,1,1
tn,x,1,1,1,1,1
t,,1,1,1,1,1
tp,x,1,1,1,1,1
tr,,1,1,1,1,1
tr,,1,1,1,1,1
trw,,1,1,1,1,1
trw,,1,1,1,1,1
trw,,1,1,1,1,1
tsz,x,1,1,1,1,1
tszk,x,1,1,1,1,1
tw,,1,1,1,1,1
tw,,1,1,1,1,1
tw,,1,1,1,1,1
w,,1,1,1,1,1
w,,1,1,1,1,1
wb,,1,1,1,1,1
wb,,1,1,1,1,1
wb,,1,1,1,1,1
wcz,,1,1,1,1,1
wcz,,1,1,1,1,1
wcz,,1,1,1,1,1
wd,,1,1,1,1,1
wd,,1,1,1,1,1
wd,,1,1,1,1,1
wg,,1,1,1,1,1
wg,,1,1,1,1,1
wg,,1,1,1,1,1
wk,,1,1,1,1,1
wk,,1,1,1,1,1
wk,,1,1,1,1,1
wkr,,1,1,1,1,1
wkr,,1,1,1,1,1
wl,,1,1,1,1,1
wł,,1,1,1,1,1
wl,,1,1,1,1,1
wł,,1,1,1,1,1
wl,,1,1,1,1,1
wł,,1,1,1,1,1
wm,,1,1,1,1,1
wm,,1,1,1,1,1
wm,,1,1,1,1,1
wn,,1,1,1,1,1
wn,,1,1,1,1,1
wni,,1,1,1,1,1
wni,,1,1,1,1,1
wni,,1,1,1,1,1
wn,,1,1,1,1,1
w,,1,1,1,1,1
wp,,1,1,1,1,1
wp,,1,1,1,1,1
wpł,,1,1,1,1,1
wpł,,1,1,1,1,1
wpł,,1,1,1,1,1
wp,,1,1,1,1,1
wr,,1,1,1,1,1
wr,,1,1,1,1,1
wr,,1,1,1,1,1
wsch,,1,1,1,1,1
wsch,,1,1,1,1,1
wsch,,1,1,1,1,1
wsk,,1,1,1,1,1
wsk,,1,1,1,1,1
wsk,,1,1,1,1,1
wsp,,1,1,1,1,1
wsp,,1,1,1,1,1
wsp,,1,1,1,1,1
wst,,1,1,1,1,1
wst,,1,1,1,1,1
wst,,1,1,1,1,1
wstr,,1,1,1,1,1
wstr,,1,1,1,1,1
wsz,,1,1,1,1,1
wsz,,1,1,1,1,1
wsz,,1,1,1,1,1
wt,,1,1,1,1,1
wt,,1,1,1,1,1
wt,,1,1,1,1,1
wz,,1,1,1,1,1
wz,,1,1,1,1,1
wzg,,1,1,1,1,1
wzg,,1,1,1,1,1
wzg,,1,1,1,1,1
wz,,1,1,1,1,1
wzr,,1,1,1,1,1
wzr,,1,1,1,1,1
wzr,,1,1,1,1,1
wzw,,1,1,1,1,1
wzw,,1,1,1,1,1
wzw,,1,1,1,1,1
z,,1,1,1,1,1
ż,,1,1,1,1,1
z,,1,1,1,1,1
ż,,1,1,1,1,1
zb,,1,1,1,1,1
żb,(only before <i>),1,1,1,1,1
zb,,1,1,1,1,1
żb,,1,1,1,1,1
zbl,,1,1,1,1,1
zbl,,1,1,1,1,1
zbl,,1,1,1,1,1
zb,,1,1,1,1,1
żb,,1,1,1,1,1
zbr,,1,1,1,1,1
zbr,,1,1,1,1,1
zbr,,1,1,1,1,1
zd,,1,1,1,1,1
zd,,1,1,1,1,1
zdj,,1,1,1,1,1
zd,,1,1,1,1,1
zdr,,1,1,1,1,1
zdr,,1,1,1,1,1
zdr,,1,1,1,1,1
źdźb,(only in cluster),1,1,1,1,1
źdźb,(only in cluster),1,1,1,1,1
źdźbł,,1,1,1,1,1
źdźbl,,1,1,1,1,1
źdźbł,,1,1,1,1,1
źdźbl,,1,1,1,1,1
źdźb,(only in cluster),1,1,1,1,1
zg,,1,1,1,1,1
zg,,1,1,1,1,1
zgl,,1,1,1,1,1
zgl,,1,1,1,1,1
zgl,,1,1,1,1,1
zgni,,1,1,1,1,1
zgni,,1,1,1,1,1
zgni,,1,1,1,1,1
zg,,1,1,1,1,1
zgr,,1,1,1,1,1
zgr,,1,1,1,1,1
zgr,,1,1,1,1,1
zj,,1,1,1,1,1
zj,,1,1,1,1,1
zl,,1,1,1,1,1
zł,,1,1,1,1,1
źl,,1,1,1,1,1
żł,,1,1,1,1,1
zl,,1,1,1,1,1
zł,,1,1,1,1,1
źl,,1,1,1,1,1
żł,,1,1,1,1,1
zl,,1,1,1,1,1
zł,,1,1,1,1,1
źl,,1,1,1,1,1
zm,,1,1,1,1,1
żm,,1,1,1,1,1
zm,,1,1,1,1,1
zm,,1,1,1,1,1
żm,,1,1,1,1,1
zmr,,1,1,1,1,1
zmr,,1,1,1,1,1
zn,,1,1,1,1,1
żn,(only before <i>),1,1,1,1,1
zn,,1,1,1,1,1
żn,(only before <i>),1,1,1,1,1
zni,,1,1,1,1,1
żni,,1,1,1,1,1
zni,,1,1,1,1,1
żni,,1,1,1,1,1
zni,,1,1,1,1,1
żni,,1,1,1,1,1
zn,,1,1,1,1,1
żn,(only before <i>),1,1,1,1,1
z,,1,1,1,1,1
ż,,1,1,1,1,1
zr,,1,1,1,1,1
źr,,1,1,1,1,1
zr,,1,1,1,1,1
źr,,1,1,1,1,1
źr,,1,1,1,1,1
zsz,,1,1,1,1,1
zsz,,1,1,1,1,1
zsz,,1,1,1,1,1
zw,,1,1,1,1,1
żw,,1,1,1,1,1
zw,,1,1,1,1,1
żw,,1,1,1,1,1
zwł,,1,1,1,1,1
zwł,,1,1,1,1,1
zwł,,1,1,1,1,1
zw,,1,1,1,1,1
żw,,1,1,1,1,1
zwr,,1,1,1,1,1
zwr,,1,1,1,1,1
zwr,,1,1,1,1,1
zż,,1,1,1,1,1
zz,,1,1,1,1,1
zż,,1,1,1,1,1
rt,,1,1,1,0,0.75
rż,,1,1,1,1,1
m,,1,1,1,1,1
